area,id,lat,lon,radius_km
Area1,S1,72.682138,91.658782,300
Area1,S2,70.256698,108.347456,300
Area1,S3,67.831258,82.122397,300
Area1,S4,67.831258,129.804321,300
Area1,S5,67.831258,144.108898,300
Area1,S6,67.831258,96.426975,300
Area1,S7,65.405818,60.665532,300
Area1,S8,65.405818,156.029379,300
Area1,S9,65.405818,170.333957,300
Area1,S10,65.405818,108.347456,300
Area1,S11,75.107578,103.579263,300
Area1,S12,62.980378,43.976858,300
Area1,S13,62.980378,72.586013,300
Area1,S14,62.980378,86.890590,300
Area1,S15,62.980378,120.267937,300
Area1,S16,62.980378,134.572514,300
Area1,S17,60.554937,98.811071,300
Area1,S18,70.256698,117.883840,300
Area1,S19,60.554937,55.897339,300
Area1,S20,58.129497,43.976858,300
Area1,S21,58.129497,72.586013,300
Area1,S22,58.129497,120.267937,300
Area1,S23,60.554937,108.347456,300
Area1,S24,70.256698,70.201916,300
Area1,S25,55.704057,84.506494,300
Area1,S26,55.704057,94.042878,300
Area1,S27,55.704057,103.579263,300
Area1,S28,55.704057,51.129147,300
Area1,S29,55.704057,60.665532,300
Area1,S30,55.704057,132.188418,300
Area1,S31,58.129497,34.440474,300
Area1,S32,62.980378,148.877091,300
Area1,S33,70.256698,156.029379,300
Area1,S34,53.278617,39.208666,300
Area1,S35,53.278617,115.499744,300
Area1,S36,67.831258,34.440474,300
Area1,S37,50.853177,136.956610,300
Area1,S38,60.554937,65.433724,300
Area1,S39,46.002296,41.592762,300
Area1,S40,62.980378,34.440474,300
Area1,S41,50.853177,46.360955,300
Area1,S42,65.405818,51.129147,300
Area1,S43,60.554937,79.738301,300
Area1,S44,60.554937,127.420225,300
Area1,S45,62.980378,163.181668,300
Area1,S46,67.831258,172.718053,300
Area1,S47,70.256698,141.724802,300
Area1,S48,50.853177,89.274686,300
Area1,S49,55.704057,160.797572,300
Area1,S50,60.554937,136.956610,300
Area1,S51,53.278617,105.963359,300
Area1,S52,53.278617,125.036129,300
Area1,S53,60.554937,89.274686,300
Area1,S54,53.278617,96.426975,300
Area1,S55,50.853177,132.188418,300
Area1,S56,65.405818,122.652033,300
Area1,S57,72.682138,120.267937,300
Area1,S58,53.278617,53.513243,300
Area1,S59,55.704057,113.115648,300
Area1,S60,53.278617,34.440474,300
Area1,S61,53.278617,82.122397,300
Area1,S62,62.980378,96.426975,300
Area1,S63,62.980378,172.718053,300
Area1,S64,65.405818,74.970109,300
Area1,S65,70.256698,84.506494,300
Area1,S66,55.704057,74.970109,300
Area1,S67,60.554937,151.261187,300
Area1,S68,43.576856,134.572514,300
Area1,S69,60.554937,113.115648,300
Area1,S70,62.980378,139.340706,300
Area1,S71,46.002296,46.360955,300
Area1,S72,50.853177,113.115648,300
Area1,S73,67.831258,58.281436,300
Area1,S74,67.831258,163.181668,300
Area1,S75,60.554937,51.129147,300
Area1,S76,46.002296,136.956610,300
Area1,S77,55.704057,65.433724,300
Area1,S78,58.129497,29.672281,300
Area1,S79,50.853177,41.592762,300
Area1,S80,50.853177,60.665532,300
Area1,S81,58.129497,139.340706,300
Area1,S82,43.576856,43.976858,300
Area1,S83,50.853177,117.883840,300
Area1,S84,53.278617,43.976858,300
Area1,S85,53.278617,139.340706,300
Area1,S86,55.704057,122.652033,300
Area1,S87,60.554937,165.565764,300
Area1,S88,62.980378,101.195167,300
Area1,S89,67.831258,39.208666,300
Area1,S90,70.256698,127.420225,300
Area1,S91,53.278617,158.413476,300
Area1,S92,65.405818,65.433724,300
Area1,S93,65.405818,89.274686,300
Area1,S94,65.405818,113.115648,300
Area1,S95,50.853177,103.579263,300
Area1,S96,53.278617,86.890590,300
Area1,S97,58.129497,39.208666,300
Area1,S98,58.129497,58.281436,300
Area1,S99,58.129497,82.122397,300
Area1,S100,58.129497,129.804321,300
Area1,S101,60.554937,141.724802,300
Area1,S102,62.980378,177.486245,300
Area1,S103,72.682138,86.890590,300
Area1,S104,50.853177,94.042878,300
Area1,S105,50.853177,108.347456,300
Area1,S106,50.853177,127.420225,300
Area1,S107,55.704057,89.274686,300
Area1,S108,55.704057,98.811071,300
Area1,S109,55.704057,108.347456,300
Area1,S110,60.554937,32.056377,300
Area1,S111,60.554937,36.824570,300
Area1,S112,62.980378,153.645283,300
Area1,S113,65.405818,32.056377,300
Area1,S114,65.405818,132.188418,300
Area1,S115,65.405818,175.102149,300
Area1,S116,70.256698,94.042878,300
Area1,S117,80.038213,95.570578,300
Area1,S118,78.869173,102.701846,300
Area1,S119,75.491004,140.286161,300
Area1,S120,73.058183,55.798964,300
Area1,S121,75.483623,60.142174,300
Area1,S122,50.276569,142.687831,300
Area1,S123,66.678130,-176.945421,300
Area1,S124,45.493550,34.314045,300
Area2,S1,55.200952,24.016553,300
Area3,S1,51.452835,19.975896,300
Area3,S2,51.452835,16.041646,300
Area3,S3,53.878275,18.008771,300
Area4,S1,50.144188,29.452134,300
Area4,S2,47.718748,34.977029,300
Area4,S3,50.144188,25.768871,300
Area4,S4,50.144188,36.818661,300
Area4,S5,47.718748,31.293766,300
Area5,S1,53.744943,29.351378,300
Area5,S2,53.744943,25.250122,300
Area6,S1,46.113885,25.453243,300
Area6,S2,46.113885,21.964542,300
Area7,S1,47.913723,28.396782,300
Area8,S1,43.659926,24.031600,300
Area8,S2,43.659926,27.333749,300
Area9,S1,44.670664,20.521660,300
Area10,S1,45.075440,17.434257,300
Area11,S1,44.905431,15.357011,300
Area12,S1,48.184921,21.556092,300
Area13,S1,46.107083,14.995378,300
Area14,S1,48.857257,14.889433,300
Area15,S1,49.778659,15.848031,300
Area16,S1,52.153368,9.854631,300
Area16,S2,49.727928,7.921644,300
Area16,S3,49.727928,11.787617,300
Area16,S4,52.153368,13.720604,300
Area17,S1,53.229161,5.291698,300
Area18,S1,50.715869,4.432619,300
Area19,S1,54.415464,-6.781958,300
Area19,S2,52.385440,0.084265,300
Area19,S3,57.236321,-4.071899,300
Area19,S4,52.385440,-4.071899,300
Area20,S1,54.094741,-7.943066,300
Area21,S1,40.797730,-3.074589,300
Area21,S2,38.372290,-4.654163,300
Area21,S3,43.223171,-7.813310,300
Area21,S4,40.797730,0.084558,300
Area21,S5,38.372290,-1.495016,300
Area22,S1,39.263709,-7.953581,300
Area23,S1,45.185170,11.685500,300
Area23,S2,40.334289,14.975864,300
Area23,S3,42.759729,13.330682,300
Area23,S4,45.185170,8.395137,300
Area23,S5,37.599329,14.319824,300
Area23,S6,40.133460,8.910780,300
Area24,S1,46.796854,8.306508,300
Area25,S1,38.835440,21.713115,300
Area25,S2,41.260880,23.276215,300
Area26,S1,41.683540,21.626566,300
Area27,S1,41.280462,20.116781,300
Area28,S1,42.545994,20.957034,300
Area29,S1,42.741404,19.446579,300
Area30,S1,38.246975,33.965572,300
Area30,S2,38.246975,40.201401,300
Area30,S3,38.246975,27.729742,300
Area30,S4,40.672415,32.406614,300
Area30,S5,40.672415,41.760359,300
Area30,S6,38.246975,37.083487,300
Area30,S7,38.246975,43.319316,300
Area30,S8,40.672415,35.524529,300
Area30,S9,41.254505,27.103246,300
Area31,S1,48.763841,19.351837,300
Area32,S1,65.063498,16.233721,300
Area32,S2,60.212617,16.233721,300
Area32,S3,67.488938,18.836897,300
Area32,S4,57.787177,13.630545,300
Area32,S5,62.638058,13.630545,300
Area33,S1,79.195890,16.481094,300
Area33,S2,60.504324,7.822707,300
Area33,S3,70.206085,24.806483,300
Area33,S4,65.355205,13.483966,300
Area33,S5,67.780645,16.314595,300
Area33,S6,80.053245,22.524806,300
Area33,S7,77.944227,22.632273,300
Area34,S1,64.697253,26.385808,300
Area34,S2,62.271813,23.515701,300
Area34,S3,69.548134,26.385808,300
Area34,S4,62.271813,29.255916,300
Area35,S1,58.697071,26.142054,300
Area36,S1,56.857666,24.940212,300
Area37,S1,57.256305,10.274553,300
Area37,S2,55.629607,11.911544,300
Area38,S1,65.921823,-21.455399,300
Area38,S2,65.921823,-15.713828,300
Area39,S1,44.483521,-97.269591,300
Area39,S2,44.483521,-118.594406,300
Area39,S3,44.483521,-106.408797,300
Area39,S4,44.483521,-88.130384,300
Area39,S5,39.632641,-109.455199,300
Area39,S6,39.632641,-94.223188,300
Area39,S7,39.632641,-78.991178,300
Area39,S8,34.781761,-109.455199,300
Area39,S9,34.781761,-100.315993,300
Area39,S10,34.781761,-88.130384,300
Area39,S11,37.207201,-117.071205,300
Area39,S12,34.781761,-82.037580,300
Area39,S13,39.632641,-103.362395,300
Area39,S14,39.632641,-85.083982,300
Area39,S15,46.908962,-114.024802,300
Area39,S16,34.781761,-94.223188,300
Area39,S17,29.930880,-97.269591,300
Area39,S18,39.632641,-121.640808,300
Area39,S19,42.058081,-114.024802,300
Area39,S20,42.058081,-74.421574,300
Area39,S21,46.908962,-101.839194,300
Area39,S22,32.356321,-104.885596,300
Area39,S23,46.908962,-92.699987,300
Area39,S24,29.930880,-91.176786,300
Area39,S25,39.632641,-100.315993,300
Area39,S26,46.908962,-120.117607,300
Area39,S27,29.930880,-85.083982,300
Area39,S28,34.781761,-115.548004,300
Area39,S29,39.632641,-91.176786,300
Area39,S30,44.483521,-69.851971,300
Area39,S31,46.908962,-107.931998,300
Area39,S32,44.483521,-85.083982,300
Area39,S33,27.505440,-80.514379,300
Area39,S34,34.781761,-78.991178,300
Area39,S35,37.207201,-104.885596,300
Area39,S36,29.930880,-100.315993,300
Area39,S37,32.356321,-110.978400,300
Area39,S38,37.207201,-120.117607,300
Area39,S39,37.207201,-114.024802,300
Area39,S40,42.058081,-123.164009,300
Area39,S41,37.207201,-86.607183,300
Area39,S42,42.058081,-101.839194,300
Area39,S43,42.058081,-92.699987,300
Area39,S44,29.930880,-82.037580,300
Area39,S45,44.483521,-112.501601,300
Area39,S46,46.908962,-98.792792,300
Area39,S47,27.505440,-98.792792,300
Area39,S48,32.356321,-89.653585,300
Area39,S49,34.781761,-97.269591,300
Area39,S50,39.632641,-118.594406,300
Area39,S51,39.632641,-82.037580,300
Area39,S52,44.483521,-72.898373,300
Area39,S53,46.908962,-123.164009,300
Area39,S54,46.908962,-89.653585,300
Area39,S55,29.930880,-103.362395,300
Area39,S56,34.781761,-91.176786,300
Area39,S57,37.207201,-98.792792,300
Area39,S58,37.207201,-77.467976,300
Area39,S59,42.058081,-80.514379,300
Area39,S60,19.693858,-155.561149,300
Area39,S61,57.505718,-153.458331,300
Area39,S62,66.531374,-154.808540,300
Area39,S63,61.680494,-154.808540,300
Area39,S64,66.531374,-144.166924,300
Area39,S65,68.956814,-157.468944,300
Area39,S66,61.680494,-144.166924,300
Area39,S67,61.680494,-160.129348,300
Area39,S68,59.255053,-157.468944,300
Area39,S69,68.956814,-146.827328,300
Area39,S70,66.531374,-160.129348,300
Area39,S71,61.680494,-149.487732,300
Area39,S72,59.255053,-136.185712,300
Area39,S73,68.956814,-162.789752,300
Area40,S1,24.240590,-103.890686,300
Area40,S2,29.091470,-109.185515,300
Area40,S3,19.389709,-101.243271,300
Area40,S4,24.240590,-98.595856,300
Area40,S5,29.091470,-103.890686,300
Area40,S6,16.964269,-94.624734,300
Area40,S7,19.389709,-90.653611,300
Area40,S8,29.091470,-114.480345,300
Area40,S9,19.389709,-98.595856,300
Area40,S10,26.666030,-107.861808,300
Area40,S11,21.815150,-105.214393,300
Area40,S12,26.666030,-99.919563,300
Area40,S13,31.516910,-115.804053,300
Area40,S14,16.964269,-91.977319,300
Area40,S15,19.389709,-88.006197,300
Area40,S16,26.666030,-113.156638,300
Area40,S17,31.516910,-107.861808,300
Area40,S18,16.964269,-99.919563,300
Area41,S1,4.478829,-53.309212,300
Area41,S2,47.194265,2.486803,300
Area41,S3,44.768825,4.256592,300
Area41,S4,47.194265,-1.052773,300
Area41,S5,44.768825,0.717015,300
Area41,S6,47.194265,6.026380,300
Area41,S7,49.619706,0.717015,300
Area41,S8,42.234122,8.998818,300
Area42,S1,63.504067,-134.353892,300
Area42,S2,63.504067,-103.349084,300
Area42,S3,65.929507,-118.851488,300
Area42,S4,61.078626,-123.280746,300
Area42,S5,68.354947,-129.924634,300
Area42,S6,58.653186,-112.207601,300
Area42,S7,58.653186,-98.919825,300
Area42,S8,65.929507,-92.275938,300
Area42,S9,56.227746,-70.129646,300
Area42,S10,53.802306,-125.495376,300
Area42,S11,53.802306,-116.636859,300
Area42,S12,53.802306,-107.778342,300
Area42,S13,53.802306,-94.490567,300
Area42,S14,51.376866,-74.558904,300
Area42,S15,46.525985,-78.988163,300
Area42,S16,53.802306,-63.485758,300
Area42,S17,51.376866,-87.846679,300
Area42,S18,58.653186,-129.924634,300
Area42,S19,63.504067,-112.207601,300
Area42,S20,51.376866,-101.134455,300
Area42,S21,61.078626,-74.558904,300
Area42,S22,68.354947,-107.778342,300
Area42,S23,46.525985,-70.129646,300
Area42,S24,48.951426,-81.202792,300
Area42,S25,51.376866,-118.851488,300
Area42,S26,58.653186,-121.066117,300
Area42,S27,68.354947,-90.061309,300
Area42,S28,51.376866,-65.700388,300
Area42,S29,53.802306,-85.632050,300
Area42,S30,51.376866,-109.992971,300
Area42,S31,56.227746,-101.134455,300
Area42,S32,56.227746,-74.558904,300
Area42,S33,68.354947,-138.783151,300
Area42,S34,48.951426,-94.490567,300
Area42,S35,61.078626,-96.705196,300
Area42,S36,58.653186,-107.778342,300
Area42,S37,61.078626,-136.568522,300
Area42,S38,63.504067,-125.495376,300
Area42,S39,53.802306,-59.056500,300
Area42,S40,56.227746,-92.275938,300
Area42,S41,56.227746,-65.700388,300
Area42,S42,68.354947,-121.066117,300
Area42,S43,44.100545,-76.773533,300
Area42,S44,46.525985,-65.700388,300
Area42,S45,65.929507,-101.134455,300
Area42,S46,51.376866,-70.129646,300
Area42,S47,68.354947,-85.632050,300
Area42,S48,44.100545,-81.202792,300
Area42,S49,51.376866,-123.280746,300
Area42,S50,70.780387,-92.275938,300
Area42,S51,46.525985,-83.417421,300
Area42,S52,51.376866,-78.988163,300
Area42,S53,56.227746,-123.280746,300
Area42,S54,61.078626,-118.851488,300
Area42,S55,46.525985,-74.558904,300
Area42,S56,48.951426,-90.061309,300
Area42,S57,51.376866,-114.422230,300
Area42,S58,51.376866,-105.563713,300
Area42,S59,51.376866,-61.271129,300
Area42,S60,53.802306,-112.207601,300
Area42,S61,53.802306,-76.773533,300
Area42,S62,58.653186,-76.773533,300
Area42,S63,61.078626,-132.139263,300
Area42,S64,61.078626,-109.992971,300
Area42,S65,63.504067,-94.490567,300
Area42,S66,73.131572,-78.860265,300
Area42,S67,75.058546,-94.866149,300
Area42,S68,75.617666,-88.677363,300
Area42,S69,49.043732,-57.566339,300
Area42,S70,49.043732,-53.860030,300
Area42,S71,64.350683,-83.854562,300
Area42,S72,71.632658,-83.767398,300
Area42,S73,66.781777,-70.891874,300
Area42,S74,69.207218,-74.110755,300
Area42,S75,64.356337,-67.672993,300
Area42,S76,66.781777,-64.454112,300
Area42,S77,73.299219,-94.033099,300
Area42,S78,76.642613,-119.623046,300
Area42,S79,53.338154,-132.380096,300
Area42,S80,78.649055,-103.102731,300
Area42,S81,49.611367,-125.962631,300
Area42,S82,73.327080,-121.856503,300
Area42,S83,75.632424,-110.767428,300
Area42,S84,70.960980,-108.269461,300
Area42,S85,70.960980,-115.691147,300
Area42,S86,72.693138,-99.361863,300
Area42,S87,75.959712,-99.790242,300
Area42,S88,79.831811,-92.320153,300
Area42,S89,81.029000,-78.014683,300
Area42,S90,78.603560,-84.800851,300
Area42,S91,67.639148,-75.938421,300
Area42,S92,69.422653,-97.375370,300
Area43,S1,-41.209157,146.354307,300
Area43,S2,-34.184877,145.414543,300
Area43,S3,-29.333996,118.684885,300
Area43,S4,-29.333996,126.703782,300
Area43,S5,-29.333996,134.722679,300
Area43,S6,-26.908556,141.405094,300
Area43,S7,-26.908556,149.423991,300
Area43,S8,-24.483116,121.357850,300
Area43,S9,-24.483116,129.376748,300
Area43,S10,-22.057676,138.732128,300
Area43,S11,-22.057676,146.751026,300
Area43,S12,-17.206795,133.386197,300
Area43,S13,-19.632236,126.703782,300
Area43,S14,-34.184877,140.068611,300
Area43,S15,-24.483116,116.011919,300
Area43,S16,-22.057676,133.386197,300
Area43,S17,-19.632236,142.741577,300
Area43,S18,-31.759436,149.423991,300
Area43,S19,-31.759436,122.694333,300
Area43,S20,-29.333996,142.741577,300
Area43,S21,-26.908556,136.059162,300
Area43,S22,-22.057676,122.694333,300
Area43,S23,-14.781355,142.741577,300
Area43,S24,-17.206795,128.040265,300
Area43,S25,-36.610317,144.078060,300
Area43,S26,-31.759436,117.348402,300
Area43,S27,-19.632236,137.395645,300
Area43,S28,-14.781355,132.049714,300
Area43,S29,-31.759436,136.059162,300
Area43,S30,-29.333996,132.049714,300
Area43,S31,-26.908556,125.367299,300
Area43,S32,-36.610317,149.423991,300
Area43,S33,-26.908556,144.078060,300
Area43,S34,-29.333996,150.760474,300
Area43,S35,-22.057676,117.348402,300
Area43,S36,-17.206795,122.694333,300
Area43,S37,-19.632236,129.376748,300
Area43,S38,-12.355915,133.386197,300
Area43,S39,-26.908556,117.348402,300
Area43,S40,-24.483116,142.741577,300
Area43,S41,-24.483116,150.760474,300
Area43,S42,-19.632236,145.414543,300
Area43,S43,-34.184877,118.684885,300
Area43,S44,-31.759436,146.751026,300
Area43,S45,-29.333996,137.395645,300
Area43,S46,-26.908556,130.713231,300
Area43,S47,-17.206795,136.059162,300
Area43,S48,-14.781355,126.703782,300
Area43,S49,-29.333996,121.357850,300
Area43,S50,-24.483116,124.030816,300
Area43,S51,-36.610317,141.405094,300
Area43,S52,-31.759436,125.367299,300
Area43,S53,-29.333996,116.011919,300
Area43,S54,-26.908556,152.096957,300
Area43,S55,-22.057676,120.021368,300
Area43,S56,-17.206795,144.078060,300